{
  "Version": "2019-10-30",
  "StartAction": "7b39ae31-b3fe-4d42-b9e9-126d8c738b0d",
  "Metadata": {
    "entryPointPosition": {
      "x": 0,
      "y": 0
    },
    "snapToGrid": false,
    "ActionMetadata": {
      "7b39ae31-b3fe-4d42-b9e9-126d8c738b0d": {
        "position": {
          "x": 153.6,
          "y": 38.4
        }
      },
      "441e0dff-261b-4291-853d-12cc1752a65a": {
        "position": {
          "x": 384.0,
          "y": 38.4
        }
      },
      "697b0ea3-b6d4-47c8-86d5-c8f143efe6e9": {
        "position": {
          "x": 614.4,
          "y": 38.4
        }
      },
      "4f9c52b4-b0e7-496f-8711-7f7aaebd15b6": {
        "position": {
          "x": 384.0,
          "y": 230.39999999999998
        }
      },
      "e4028672-e79c-4240-8472-6131d9ceb254": {
        "position": {
          "x": 614.4,
          "y": 230.39999999999998
        }
      },
      "b5ef5631-2d02-4ebf-9838-896a6124e3a2": {
        "position": {
          "x": 844.8,
          "y": 230.39999999999998
        }
      },
      "4dd2f1a8-4ce0-4f9a-bce9-136a44d0d055": {
        "position": {
          "x": 1075.2,
          "y": 230.39999999999998
        }
      },
      "66678c43-8e77-4dbf-81f4-83920404bb69": {
        "position": {
          "x": 1305.6,
          "y": 230.39999999999998
        }
      },
      "e521bf15-fe19-4cc1-90d6-908454267bb3": {
        "position": {
          "x": 1536.0,
          "y": 230.39999999999998
        }
      },
      "a8dc862f-0f41-4f81-8503-4541e79039a2": {
        "position": {
          "x": 1075.2,
          "y": 422.4
        }
      },
      "dbd4320b-8321-433d-b8b4-acb36e4b871e": {
        "position": {
          "x": 1305.6,
          "y": 422.4
        }
      },
      "914a31a5-452e-4535-b494-0e675c7bdf15": {
        "position": {
          "x": 1536.0,
          "y": 422.4
        }
      },
      "73d19e01-b476-417f-afdd-a35383098788": {
        "position": {
          "x": 1766.3999999999999,
          "y": 422.4
        }
      },
      "dbbd4e2f-f1ec-4820-9728-1b92c1864948": {
        "position": {
          "x": 1996.8,
          "y": 422.4
        }
      },
      "92923fbe-1888-4612-a554-6395e43438b6": {
        "position": {
          "x": 1075.2,
          "y": 633.6
        }
      },
      "beaf9e7a-e5b4-4934-b6c8-7eee753cf646": {
        "position": {
          "x": 1305.6,
          "y": 633.6
        }
      },
      "7dd97098-f2dc-4297-81d6-8e921b32c3bc": {
        "position": {
          "x": 1536.0,
          "y": 633.6
        }
      },
      "2c1faea5-c0bd-4a40-a623-b301d94def8d": {
        "position": {
          "x": 1996.8,
          "y": 633.6
        }
      },
      "0998323f-d8a4-4f1e-8e3a-6bf75af9a036": {
        "position": {
          "x": 1766.3999999999999,
          "y": 633.6
        }
      },
      "9bb7b6bd-4a26-481b-8a60-973aef0e6524": {
        "position": {
          "x": 2227.2,
          "y": 633.6
        }
      }
    },
    "Annotations": []
  },
  "Actions": [
    {
      "Identifier": "7b39ae31-b3fe-4d42-b9e9-126d8c738b0d",
      "Type": "MessageParticipant",
      "Parameters": {
        "Text": "Welcome to Burger Palace! Thank you for calling."
      },
      "Transitions": {
        "NextAction": "441e0dff-261b-4291-853d-12cc1752a65a",
        "Errors": [
          {
            "NextAction": "697b0ea3-b6d4-47c8-86d5-c8f143efe6e9",
            "ErrorType": "NoMatchingError"
          }
        ]
      }
    },
    {
      "Identifier": "441e0dff-261b-4291-853d-12cc1752a65a",
      "Type": "GetParticipantInput",
      "Parameters": {
        "Text": "Press 1 to place an order, 2 to track your order, or 3 to speak with an agent",
        "InputTimeLimitSeconds": "10",
        "StoreInput": "False"
      },
      "Transitions": {
        "Conditions": [
          {
            "NextAction": "4f9c52b4-b0e7-496f-8711-7f7aaebd15b6",
            "Condition": {
              "Operator": "Equals",
              "Operands": [
                "1"
              ]
            }
          },
          {
            "NextAction": "e4028672-e79c-4240-8472-6131d9ceb254",
            "Condition": {
              "Operator": "Equals",
              "Operands": [
                "2"
              ]
            }
          },
          {
            "NextAction": "b5ef5631-2d02-4ebf-9838-896a6124e3a2",
            "Condition": {
              "Operator": "Equals",
              "Operands": [
                "3"
              ]
            }
          }
        ],
        "NextAction": "697b0ea3-b6d4-47c8-86d5-c8f143efe6e9",
        "Errors": [
          {
            "NextAction": "697b0ea3-b6d4-47c8-86d5-c8f143efe6e9",
            "ErrorType": "InputTimeLimitExceeded"
          },
          {
            "NextAction": "697b0ea3-b6d4-47c8-86d5-c8f143efe6e9",
            "ErrorType": "NoMatchingCondition"
          },
          {
            "NextAction": "697b0ea3-b6d4-47c8-86d5-c8f143efe6e9",
            "ErrorType": "NoMatchingError"
          }
        ]
      }
    },
    {
      "Identifier": "4f9c52b4-b0e7-496f-8711-7f7aaebd15b6",
      "Type": "MessageParticipant",
      "Parameters": {
        "Text": "Great! Let's get your order started."
      },
      "Transitions": {
        "NextAction": "4dd2f1a8-4ce0-4f9a-bce9-136a44d0d055",
        "Errors": [
          {
            "NextAction": "697b0ea3-b6d4-47c8-86d5-c8f143efe6e9",
            "ErrorType": "NoMatchingError"
          }
        ]
      }
    },
    {
      "Identifier": "4dd2f1a8-4ce0-4f9a-bce9-136a44d0d055",
      "Type": "GetParticipantInput",
      "Parameters": {
        "Text": "Press 1 for Classic Burger, 2 for Deluxe Burger, or 3 for Veggie Burger",
        "InputTimeLimitSeconds": "10",
        "StoreInput": "False"
      },
      "Transitions": {
        "Conditions": [
          {
            "NextAction": "a8dc862f-0f41-4f81-8503-4541e79039a2",
            "Condition": {
              "Operator": "Equals",
              "Operands": [
                "1"
              ]
            }
          },
          {
            "NextAction": "dbd4320b-8321-433d-b8b4-acb36e4b871e",
            "Condition": {
              "Operator": "Equals",
              "Operands": [
                "2"
              ]
            }
          },
          {
            "NextAction": "914a31a5-452e-4535-b494-0e675c7bdf15",
            "Condition": {
              "Operator": "Equals",
              "Operands": [
                "3"
              ]
            }
          }
        ],
        "NextAction": "697b0ea3-b6d4-47c8-86d5-c8f143efe6e9",
        "Errors": [
          {
            "NextAction": "697b0ea3-b6d4-47c8-86d5-c8f143efe6e9",
            "ErrorType": "InputTimeLimitExceeded"
          },
          {
            "NextAction": "697b0ea3-b6d4-47c8-86d5-c8f143efe6e9",
            "ErrorType": "NoMatchingCondition"
          },
          {
            "NextAction": "697b0ea3-b6d4-47c8-86d5-c8f143efe6e9",
            "ErrorType": "NoMatchingError"
          }
        ]
      }
    },
    {
      "Identifier": "a8dc862f-0f41-4f81-8503-4541e79039a2",
      "Type": "GetParticipantInput",
      "Parameters": {
        "Text": "You selected Classic Burger. Press 1 for Small, 2 for Medium, or 3 for Large",
        "InputTimeLimitSeconds": "10",
        "StoreInput": "False"
      },
      "Transitions": {
        "Conditions": [
          {
            "NextAction": "92923fbe-1888-4612-a554-6395e43438b6",
            "Condition": {
              "Operator": "Equals",
              "Operands": [
                "1"
              ]
            }
          },
          {
            "NextAction": "92923fbe-1888-4612-a554-6395e43438b6",
            "Condition": {
              "Operator": "Equals",
              "Operands": [
                "2"
              ]
            }
          },
          {
            "NextAction": "92923fbe-1888-4612-a554-6395e43438b6",