{
  "Version": "2019-10-30",
  "StartAction": "a4ef6445-b407-4eb4-9b1d-9c6333a916cc",
  "Metadata": {
    "entryPointPosition": {
      "x": 0,
      "y": 0
    },
    "snapToGrid": false,
    "ActionMetadata": {
      "a4ef6445-b407-4eb4-9b1d-9c6333a916cc": {
        "position": {
          "x": 153.6,
          "y": 38.4
        }
      },
      "3d087422-b4df-4e13-896a-c82470ae01c5": {
        "position": {
          "x": 614.4,
          "y": 38.4
        }
      },
      "e69e7a61-3a64-4ee7-861a-48cd1be74cc2": {
        "position": {
          "x": 844.8,
          "y": 38.4
        }
      },
      "5368edef-4670-4a00-8eae-c6be1c40c4b2": {
        "position": {
          "x": 1075.2,
          "y": 230.39999999999998
        }
      },
      "031fe5b1-308d-4755-9b39-ff499942c9ce": {
        "position": {
          "x": 1305.6,
          "y": 230.39999999999998
        }
      },
      "d466fd01-ae44-49b9-84df-32d73591f926": {
        "position": {
          "x": 1536.0,
          "y": 230.39999999999998
        }
      },
      "bc3b70c4-9fc8-4bde-ac5b-d13d03b65cc3": {
        "position": {
          "x": 1766.3999999999999,
          "y": 230.39999999999998
        }
      },
      "d2080efc-2c8f-46b0-b820-008eb1533dd7": {
        "position": {
          "x": 1996.8,
          "y": 230.39999999999998
        }
      },
      "ab89f008-8e6a-4093-a315-e7a19e044a5b": {
        "position": {
          "x": 2227.2,
          "y": 230.39999999999998
        }
      },
      "b8c1d5ac-fe5d-48e4-9fc1-1fd451ef518d": {
        "position": {
          "x": 2457.6,
          "y": 422.4
        }
      },
      "f4d4190f-bc89-4bf8-b6e8-541fcb7de275": {
        "position": {
          "x": 2688.0,
          "y": 422.4
        }
      },
      "c94c866d-2fc0-4960-bce9-17c31701dae7": {
        "position": {
          "x": 2918.4,
          "y": 422.4
        }
      },
      "7193a456-8efc-4f2e-b332-cf2326dd19c5": {
        "position": {
          "x": 3148.7999999999997,
          "y": 422.4
        }
      },
      "cd0a9910-24da-44d0-9326-290761c23966": {
        "position": {
          "x": 3379.2,
          "y": 422.4
        }
      },
      "e25e34dd-0408-4649-b48c-076af2d714f8": {
        "position": {
          "x": 3609.6,
          "y": 633.6
        }
      },
      "29178c14-a0e9-4ce6-8a3b-4f787e81899d": {
        "position": {
          "x": 3840.0,
          "y": 633.6
        }
      },
      "45d74493-9143-405c-9e56-f20c68569b4b": {
        "position": {
          "x": 4070.3999999999996,
          "y": 633.6
        }
      },
      "bc7d7168-1b74-4061-aaec-3e6bc33442bc": {
        "position": {
          "x": 4300.8,
          "y": 633.6
        }
      },
      "f615fb3d-0e7c-4a0c-8607-87cc71dfb715": {
        "position": {
          "x": 4531.2,
          "y": 633.6
        }
      },
      "3a580be4-6f43-403d-98f5-d0a6c6b51b4b": {
        "position": {
          "x": 4992.0,
          "y": 633.6
        }
      }
    },
    "Annotations": []
  },
  "Actions": [
    {
      "Identifier": "a4ef6445-b407-4eb4-9b1d-9c6333a916cc",
      "Type": "MessageParticipant",
      "Parameters": {
        "Text": "Welcome to Burger Palace! Thank you for calling."
      },
      "Transitions": {
        "NextAction": "3d087422-b4df-4e13-896a-c82470ae01c5",
        "Errors": [
          {
            "NextAction": "e69e7a61-3a64-4ee7-861a-48cd1be74cc2",
            "ErrorType": "NoMatchingError"
          }
        ]
      }
    },
    {
      "Identifier": "3d087422-b4df-4e13-896a-c82470ae01c5",
      "Type": "GetParticipantInput",
      "Parameters": {
        "Text": "Press 1 to place an order, 2 to track your order, or 3 to speak with an agent",
        "InputTimeLimitSeconds": "10",
        "StoreInput": "False"
      },
      "Transitions": {
        "Conditions": [
          {
            "NextAction": "5368edef-4670-4a00-8eae-c6be1c40c4b2",
            "Condition": {
              "Operator": "Equals",
              "Operands": [
                "1"
              ]
            }
          },
          {
            "NextAction": "031fe5b1-308d-4755-9b39-ff499942c9ce",
            "Condition": {
              "Operator": "Equals",
              "Operands": [
                "2"
              ]
            }
          },
          {
            "NextAction": "d466fd01-ae44-49b9-84df-32d73591f926",
            "Condition": {
              "Operator": "Equals",
              "Operands": [
                "3"
              ]
            }
          }
        ],
        "NextAction": "e69e7a61-3a64-4ee7-861a-48cd1be74cc2",
        "Errors": [
          {
            "NextAction": "e69e7a61-3a64-4ee7-861a-48cd1be74cc2",
            "ErrorType": "InputTimeLimitExceeded"
          },
          {
            "NextAction": "e69e7a61-3a64-4ee7-861a-48cd1be74cc2",
            "ErrorType": "NoMatchingCondition"
          },
          {
            "NextAction": "e69e7a61-3a64-4ee7-861a-48cd1be74cc2",
            "ErrorType": "NoMatchingError"
          }
        ]
      }
    },
    {
      "Identifier": "5368edef-4670-4a00-8eae-c6be1c40c4b2",
      "Type": "MessageParticipant",
      "Parameters": {
        "Text": "Great! Let's get your order started."
      },
      "Transitions": {
        "NextAction": "bc3b70c4-9fc8-4bde-ac5b-d13d03b65cc3",
        "Errors": [
          {
            "NextAction": "e69e7a61-3a64-4ee7-861a-48cd1be74cc2",
            "ErrorType": "NoMatchingError"
          }
        ]
      }
    },
    {
      "Identifier": "bc3b70c4-9fc8-4bde-ac5b-d13d03b65cc3",
      "Type": "GetParticipantInput",
      "Parameters": {
        "Text": "Press 1 for Classic Burger, 2 for Deluxe Burger, or 3 for Veggie Burger",
        "InputTimeLimitSeconds": "10",
        "StoreInput": "False"
      },
      "Transitions": {
        "Conditions": [
          {
            "NextAction": "b8c1d5ac-fe5d-48e4-9fc1-1fd451ef518d",
            "Condition": {
              "Operator": "Equals",
              "Operands": [
                "1"
              ]
            }
          },
          {
            "NextAction": "f4d4190f-bc89-4bf8-b6e8-541fcb7de275",
            "Condition": {
              "Operator": "Equals",
              "Operands": [
                "2"
              ]
            }
          },
          {
            "NextAction": "c94c866d-2fc0-4960-bce9-17c31701dae7",
            "Condition": {
              "Operator": "Equals",
              "Operands": [
                "3"
              ]
            }
          }
        ],
        "NextAction": "e69e7a61-3a64-4ee7-861a-48cd1be74cc2",
        "Errors": [
          {
            "NextAction": "e69e7a61-3a64-4ee7-861a-48cd1be74cc2",
            "ErrorType": "InputTimeLimitExceeded"
          },
          {
            "NextAction": "e69e7a61-3a64-4ee7-861a-48cd1be74cc2",
            "ErrorType": "NoMatchingCondition"
          },
          {
            "NextAction": "e69e7a61-3a64-4ee7-861a-48cd1be74cc2",
            "ErrorType": "NoMatchingError"
          }
        ]
      }
    },
    {
      "Identifier": "b8c1d5ac-fe5d-48e4-9fc1-1fd451ef518d",
      "Type": "GetParticipantInput",
      "Parameters": {
        "Text": "You selected Classic Burger. Press 1 for Small, 2 for Medium, or 3 for Large",
        "InputTimeLimitSeconds": "10",
        "StoreInput": "False"
      },
      "Transitions": {
        "Conditions": [
          {
            "NextAction": "e25e34dd-0408-4649-b48c-076af2d714f8",
            "Condition": {
              "Operator": "Equals",
              "Operands": [
                "1"
              ]
            }
          },
          {
            "NextAction": "e25e34dd-0408-4649-b48c-076af2d714f8",
            "Condition": {
              "Operator": "Equals",
              "Operands": [
                "2"
              ]
            }
          },
          {
            "NextAction": "e25e34dd-0408-4649-b48c-076af2d714f8",